source_file,label,start,end,score,snippet,source
email_1.txt,PERSON,9,33,0.55,"Subject: Your Details  Hello John,  If any of the data is incorrect, repl",fallback_multi
email_1.txt,PERSON,13362,13372,0.55," to this message with updates.  Thanks, John Brown ",fallback_multi
email_10.txt,PERSON,62,85,0.55,"l.com Mon May  4 21:48:34 2026 Subject: Important  Hello Carlos,  We need to verify the following infor",fallback_multi
email_10.txt,PERSON,13205,13218,0.55,"lowing entry for your account.  Thanks, Carlos Nguyen ",fallback_multi
email_100.txt,PERSON,65,91,0.55,"e.com Mon May  4 21:48:34 2026 Subject: Verification  Hello Olivia,  We need to verify the following infor",fallback_multi
email_100.txt,PERSON,13553,13566,0.55," below when you have a moment.  Thanks, Olivia Taylor ",fallback_multi
email_11.txt,PERSON,9,28,0.55,"Subject: Invoice  Hello Emma,  Our records show the following entry ",fallback_multi
email_11.txt,PERSON,13002,13015,0.55,"bmission. DOB: April 28, 2005.  Thanks, Emma Martinez ",fallback_multi
email_12.txt,PERSON,57,81,0.55,"t.org Mon May  4 21:48:34 2026 Subject: Verification  Hello Hiro,  We need to verify the following infor",fallback_multi
email_13.txt,PERSON,9,34,0.55,"Subject: Your Details  Hello Aisha,  Our records show the following entry ",fallback_multi
email_13.txt,PERSON,13389,13401,0.55," below when you have a moment.  Thanks, Aisha Garcia ",fallback_multi
email_14.txt,PERSON,59,83,0.55,"t.org Mon May  4 21:48:34 2026 Subject: Your Details  Hello Sven,  If any of the data is incorrect, repl",fallback_multi
email_14.txt,PERSON,12065,12075,0.55," to this message with updates.  Thanks, Sven Davis ",fallback_multi
email_15.txt,PERSON,9,28,0.55,"Subject: Invoice  Hello Olga,  Please confirm the details below when",fallback_multi
email_15.txt,PERSON,11060,11072,0.55,"arding your recent submission.  Thanks, Olga Johnson ",fallback_multi
email_16.txt,PERSON,9,34,0.55,"Subject: Your Details  Hello Emily,  This is a follow-up regarding your re",fallback_multi
email_16.txt,PERSON,12423,12434,0.55,"arding your recent submission.  Thanks, Emily Lopez ",fallback_multi
email_17.txt,SSN,342,351,0.2,entry for your account. Reach me at +80 862080150. This is a follow-up regarding your rec,regex_ssn_phone_overlap
email_17.txt,SSN,3729,3738,0.2,information to proceed. Reach me at +80 862080150. Please confirm the details below when ,regex_ssn_phone_overlap
email_17.txt,SSN,4423,4432,0.2,s message with updates. Reach me at +80 862080150. This is a follow-up regarding your rec,regex_ssn_phone_overlap
email_17.txt,SSN,8717,8726,0.2,s message with updates. Reach me at +80 862080150. Please confirm the details below when ,regex_ssn_phone_overlap
email_17.txt,PERSON,63,83,0.55,"e.org Mon May  4 21:48:34 2026 Subject: Invoice  Hello Mateo,  Our records show the following entry ",fallback_multi
email_17.txt,PERSON,13506,13517,0.55,"lowing information to proceed.  Thanks, Mateo Smith ",fallback_multi
email_18.txt,SSN,1969,1978,0.2,"s message with updates. Reach me at +38 624761459. If any of the data is incorrect, reply",regex_ssn_phone_overlap
email_18.txt,SSN,2453,2462,0.2,"information to proceed. Reach me at +38 624761459. If any of the data is incorrect, reply",regex_ssn_phone_overlap
email_18.txt,SSN,2605,2614,0.2,information to proceed. Reach me at +38 624761459. Please confirm the details below when ,regex_ssn_phone_overlap
email_18.txt,SSN,3519,3528,0.2,"entry for your account. Reach me at +38 624761459. If any of the data is incorrect, reply",regex_ssn_phone_overlap
email_18.txt,SSN,6187,6196,0.2,when you have a moment. Reach me at +38 624761459. Our records show the following entry f,regex_ssn_phone_overlap
email_18.txt,SSN,7205,7214,0.2,entry for your account. Reach me at +38 624761459. Please confirm the details below when ,regex_ssn_phone_overlap
email_18.txt,SSN,11354,11363,0.2,entry for your account. Reach me at +38 624761459. Please confirm the details below when ,regex_ssn_phone_overlap
email_18.txt,SSN,12021,12030,0.2,s message with updates. Reach me at +38 624761459. We need to verify the following inform,regex_ssn_phone_overlap
email_18.txt,SSN,13138,13147,0.2,entry for your account. Reach me at +38 624761459. This is a follow-up regarding your rec,regex_ssn_phone_overlap
email_18.txt,PERSON,9,33,0.55,"Subject: Verification  Hello Emma,  Our records show the following entry ",fallback_multi
email_18.txt,PERSON,13994,14005,0.55," to this message with updates.  Thanks, Emma Martin ",fallback_multi
email_19.txt,PERSON,9,32,0.55,"Subject: Important  Hello Fatima,  This is a follow-up regarding your re",fallback_multi
email_19.txt,PERSON,13149,13162,0.55,"lowing entry for your account.  Thanks, Fatima Thomas ",fallback_multi
email_2.txt,PERSON,61,86,0.55,"e.com Mon May  4 21:48:34 2026 Subject: Your Details  Hello Aisha,  This is a follow-up regarding your re",fallback_multi
email_20.txt,PERSON,9,37,0.55,"Subject: Your Details  Hello Isabella,  We need to verify the following infor",fallback_multi
email_20.txt,PERSON,12110,12124,0.55," below when you have a moment.  Thanks, Isabella Brown ",fallback_multi
email_21.txt,PERSON,62,83,0.55,"ny.co Mon May  4 21:48:34 2026 Subject: Invoice  Hello Olivia,  We need to verify the following infor",fallback_multi
email_21.txt,PERSON,12286,12297,0.55,"arding your recent submission.  Thanks, Olivia Wang ",fallback_multi
email_22.txt,PERSON,9,29,0.55,"Subject: Invoice  Hello Priya,  If any of the data is incorrect, repl",fallback_multi
email_22.txt,PERSON,14227,14237,0.55,"tes. SSN on file: 994-60-3875.  Thanks, Priya Khan ",fallback_multi
email_23.txt,PERSON,64,85,0.55,"ny.co Mon May  4 21:48:34 2026 Subject: Invoice  Hello Sophia,  If any of the data is incorrect, repl",fallback_multi
email_23.txt,PERSON,12997,13010,0.55,"arding your recent submission.  Thanks, Sophia Nguyen ",fallback_multi
email_25.txt,SSN,664,673,0.2,"when you have a moment. Reach me at +79 753399610.  If any of the data is incorrect, repl",regex_ssn_phone_overlap
email_25.txt,SSN,3114,3123,0.2,entry for your account. Reach me at +79 753399610. Please confirm the details below when ,regex_ssn_phone_overlap
email_25.txt,SSN,3667,3676,0.2,entry for your account. Reach me at +79 753399610. We need to verify the following inform,regex_ssn_phone_overlap
email_25.txt,SSN,4556,4565,0.2,entry for your account. Reach me at +79 753399610. Please confirm the details below when ,regex_ssn_phone_overlap
email_25.txt,SSN,5636,5645,0.2,information to proceed. Reach me at +79 753399610. Our records show the following entry f,regex_ssn_phone_overlap
email_25.txt,SSN,8991,9000,0.2,entry for your account. Reach me at +79 753399610. Please confirm the details below when ,regex_ssn_phone_overlap
email_25.txt,PERSON,9,30,0.55,"Subject: Important  Hello Emma,  If any of the data is incorrect, repl",fallback_multi
email_25.txt,PERSON,13956,13967,0.55," below when you have a moment.  Thanks, Emma Wilson ",fallback_multi
email_26.txt,PERSON,9,33,0.55,"Subject: Your Details  Hello Sven,  If any of the data is incorrect, repl",fallback_multi
email_26.txt,PERSON,13805,13817,0.55,"arding your recent submission.  Thanks, Sven Johnson ",fallback_multi
email_27.txt,PERSON,62,86,0.55,"e.org Mon May  4 21:48:34 2026 Subject: Your Details  Hello Olga,  This is a follow-up regarding your re",fallback_multi
email_27.txt,PERSON,12285,12295,0.55,"arding your recent submission.  Thanks, Olga Patel ",fallback_multi
email_28.txt,PERSON,9,33,0.55,"Subject: Your Details  Hello Emma,  Please confirm the details below when",fallback_multi
email_28.txt,PERSON,13577,13587,0.55," below when you have a moment.  Thanks, Emma Smith ",fallback_multi
email_29.txt,PERSON,12602,12613,0.55," to this message with updates.  Thanks, Priya Davis ",fallback_multi
email_3.txt,PERSON,64,89,0.55,"e.org Mon May  4 21:48:34 2026 Subject: Verification  Hello Priya,  Please confirm the details below when",fallback_multi
email_3.txt,PERSON,12223,12235,0.55,"es. Reach me at +77 346498952.  Thanks, Priya Wilson ",fallback_multi
email_30.txt,PERSON,9,34,0.55,"Subject: Verification  Hello Lucas,  This is a follow-up regarding your re",fallback_multi
email_31.txt,PERSON,9,31,0.55,"Subject: Important  Hello Aisha,  Our records show the following entry ",fallback_multi
email_31.txt,PERSON,12341,12352,0.55,"lowing information to proceed.  Thanks, Aisha Lopez ",fallback_multi
email_32.txt,PERSON,9,30,0.55,"Subject: Invoice  Hello Olivia,  Please confirm the details below when",fallback_multi
email_32.txt,PERSON,12594,12606,0.55,"arding your recent submission.  Thanks, Olivia Moore ",fallback_multi
email_33.txt,PERSON,9,28,0.55,"Subject: Meeting  Hello Sven,  If any of the data is incorrect, repl",fallback_multi
email_34.txt,PERSON,9,33,0.55,"Subject: Your Details  Hello Sven,  We need to verify the following infor",fallback_multi
email_34.txt,PERSON,12734,12745,0.55," below when you have a moment.  Thanks, Sven Martin ",fallback_multi
email_35.txt,SSN,2201,2210,0.2,entry for your account. Reach me at +66 828132089.  Please confirm the details below when,regex_ssn_phone_overlap
email_35.txt,SSN,4612,4621,0.2,"when you have a moment. Reach me at +66 828132089. If any of the data is incorrect, reply",regex_ssn_phone_overlap
email_35.txt,SSN,5511,5520,0.2,your recent submission. Reach me at +66 828132089. Our records show the following entry f,regex_ssn_phone_overlap
email_35.txt,SSN,5913,5922,0.2,s message with updates. Reach me at +66 828132089. This is a follow-up regarding your rec,regex_ssn_phone_overlap
email_35.txt,SSN,5994,6003,0.2,"your recent submission. Reach me at +66 828132089.  If any of the data is incorrect, repl",regex_ssn_phone_overlap
email_35.txt,SSN,7798,7807,0.2,entry for your account. Reach me at +66 828132089. This is a follow-up regarding your rec,regex_ssn_phone_overlap
email_35.txt,SSN,9324,9333,0.2,your recent submission. Reach me at +66 828132089. Please confirm the details below when ,regex_ssn_phone_overlap
email_35.txt,SSN,12194,12203,0.2,information to proceed. Reach me at +66 828132089. We need to verify the following inform,regex_ssn_phone_overlap
email_35.txt,SSN,12488,12497,0.2,when you have a moment. Reach me at +66 828132089. This is a follow-up regarding your rec,regex_ssn_phone_overlap
email_35.txt,SSN,12888,12897,0.2,"s message with updates. Reach me at +66 828132089. If any of the data is incorrect, reply",regex_ssn_phone_overlap
email_35.txt,PERSON,9,28,0.55,"Subject: Meeting  Hello Emma,  Our records show the following entry ",fallback_multi
email_35.txt,PERSON,13031,13041,0.55,"arding your recent submission.  Thanks, Emma Davis ",fallback_multi
email_36.txt,PERSON,9,30,0.55,"Subject: Invoice  Hello Sophia,  This is a follow-up regarding your re",fallback_multi
email_36.txt,PERSON,15324,15337,0.55," below when you have a moment.  Thanks, Sophia Taylor ",fallback_multi
email_37.txt,PERSON,9,29,0.55,"Subject: Meeting  Hello Emily,  If any of the data is incorrect, repl",fallback_multi
email_37.txt,PERSON,14136,14146,0.55,"arding your recent submission.  Thanks, Emily Wang ",fallback_multi
email_38.txt,PERSON,9,30,0.55,"Subject: Meeting  Hello Fatima,  Please confirm the details below when",fallback_multi
email_39.txt,PERSON,9,34,0.55,"Subject: Verification  Hello Mateo,  Our records show the following entry ",fallback_multi
email_39.txt,PERSON,14157,14169,0.55,"lowing entry for your account.  Thanks, Mateo Nguyen ",fallback_multi
email_4.txt,PERSON,9,30,0.55,"Subject: Important  Hello Noah,  We need to verify the following infor",fallback_multi
email_4.txt,PERSON,13944,13953,0.55," 2291 King Court, Houston, TX.  Thanks, Noah Wang ",fallback_multi
email_40.txt,PERSON,9,31,0.55,"Subject: Important  Hello Emily,  This is a follow-up regarding your re",fallback_multi
email_41.txt,PERSON,9,32,0.55,"Subject: Important  Hello Fatima,  Our records show the following entry ",fallback_multi
email_42.txt,SSN,3743,3752,0.2,information to proceed. Reach me at +27 692613986. Please confirm the details below when ,regex_ssn_phone_overlap
email_42.txt,SSN,6706,6715,0.2,s message with updates. Reach me at +27 692613986. Please confirm the details below when ,regex_ssn_phone_overlap
email_42.txt,SSN,7289,7298,0.2,entry for your account. Reach me at +27 692613986. Our records show the following entry f,regex_ssn_phone_overlap
email_42.txt,SSN,11315,11324,0.2,"when you have a moment. Reach me at +27 692613986. If any of the data is incorrect, reply",regex_ssn_phone_overlap
email_42.txt,PERSON,63,85,0.55,"l.com Mon May  4 21:48:34 2026 Subject: Important  Hello Lucas,  Please confirm the details below when",fallback_multi
email_42.txt,PERSON,12307,12321,0.55,"lowing entry for your account.  Thanks, Lucas Anderson ",fallback_multi
email_43.txt,PERSON,9,34,0.55,"Subject: Verification  Hello Priya,  Please confirm the details below when",fallback_multi
email_43.txt,PERSON,14258,14269,0.55,"lowing entry for your account.  Thanks, Priya Patel ",fallback_multi
email_44.txt,PERSON,9,35,0.55,"Subject: Verification  Hello Olivia,  We need to verify the following infor",fallback_multi
email_45.txt,PERSON,9,28,0.55,"Subject: Meeting  Hello Liam,  We need to verify the following infor",fallback_multi
email_45.txt,PERSON,13428,13437,0.55," to this message with updates.  Thanks, Liam Wang ",fallback_multi
email_46.txt,PERSON,9,35,0.55,"Subject: Your Details  Hello Fatima,  If any of the data is incorrect, repl",fallback_multi
email_46.txt,PERSON,13499,13511,0.55,"lowing information to proceed.  Thanks, Fatima Smith ",fallback_multi
email_47.txt,PERSON,9,25,0.55,"Subject: Important  Hello Mia,  Please confirm the details below ",fallback_multi
email_48.txt,PERSON,59,78,0.55,"l.com Mon May  4 21:48:34 2026 Subject: Your Details  Hello Wei,  If any of the data is incorrect, ",fallback_multi
email_49.txt,PERSON,64,89,0.55,"e.com Mon May  4 21:48:34 2026 Subject: Your Details  Hello Priya,  Our records show the following entry ",fallback_multi
email_49.txt,PERSON,11829,11841,0.55," below when you have a moment.  Thanks, Priya Thomas ",fallback_multi
email_5.txt,PERSON,9,33,0.55,"Subject: Verification  Hello John,  If any of the data is incorrect, repl",fallback_multi
email_5.txt,PERSON,12527,12537,0.55,"ntact: john.lopez@example.org.  Thanks, John Lopez ",fallback_multi
email_50.txt,PERSON,9,37,0.55,"Subject: Your Details  Hello Isabella,  We need to verify the following infor",fallback_multi
email_50.txt,PERSON,13320,13335,0.55,"a moment. DOB: April 25, 1979.  Thanks, Isabella Thomas ",fallback_multi
email_51.txt,PERSON,9,32,0.55,"Subject: Important  Hello Olivia,  Please confirm the details below when",fallback_multi
email_51.txt,PERSON,14144,14156,0.55,"arding your recent submission.  Thanks, Olivia Davis ",fallback_multi
email_52.txt,PERSON,9,29,0.55,"Subject: Meeting  Hello Aisha,  Our records show the following entry ",fallback_multi
email_53.txt,PERSON,9,30,0.55,"Subject: Invoice  Hello Olivia,  This is a follow-up regarding your re",fallback_multi
email_53.txt,PERSON,13047,13059,0.55," to this message with updates.  Thanks, Olivia Smith ",fallback_multi
email_54.txt,PERSON,9,29,0.55,"Subject: Invoice  Hello Aisha,  If any of the data is incorrect, repl",fallback_multi
email_54.txt,PERSON,13074,13085,0.55,"d: 1875 Market St, Berlin, DE.  Thanks, Aisha Brown ",fallback_multi
email_55.txt,PERSON,59,78,0.55,"t.org Mon May  4 21:48:34 2026 Subject: Meeting  Hello Noah,  We need to verify the following infor",fallback_multi
email_55.txt,PERSON,13411,13421,0.55,"ur account. DOB: May 20, 1994.  Thanks, Noah Moore ",fallback_multi
email_56.txt,PERSON,68,91,0.55,"ny.co Mon May  4 21:48:34 2026 Subject: Invoice  Hello Isabella,  Our records show the following entry ",fallback_multi
email_56.txt,PERSON,14111,14128,0.55,"ed: 9706 Elm Ln, New York, NY.  Thanks, Isabella Anderson ",fallback_multi
email_57.txt,PERSON,64,92,0.55,"t.org Mon May  4 21:48:34 2026 Subject: Your Details  Hello Isabella,  This is a follow-up regarding your re",fallback_multi
email_57.txt,PERSON,14058,14073,0.55,"arding your recent submission.  Thanks, Isabella Martin ",fallback_multi
email_59.txt,PERSON,9,25,0.55,"Subject: Important  Hello Wei,  If any of the data is incorrect, ",fallback_multi
email_6.txt,PERSON,61,82,0.55,"l.com Mon May  4 21:48:34 2026 Subject: Invoice  Hello Olivia,  We need to verify the following infor",fallback_multi
email_6.txt,PERSON,13733,13745,0.55,"unt. SSN on file: 453-57-1193.  Thanks, Olivia Moore ",fallback_multi
email_60.txt,PERSON,9,30,0.55,"Subject: Invoice  Hello Sophia,  Please confirm the details below when",fallback_multi
email_61.txt,PERSON,9,33,0.55,"Subject: Verification  Hello Sven,  Our records show the following entry ",fallback_multi
email_62.txt,SSN,1310,1319,0.2,when you have a moment. Reach me at +46 435774814.  Our records show the following entry ,regex_ssn_phone_overlap
email_62.txt,SSN,3457,3466,0.2,your recent submission. Reach me at +46 435774814. Our records show the following entry f,regex_ssn_phone_overlap
email_62.txt,SSN,4805,4814,0.2,when you have a moment. Reach me at +46 435774814. We need to verify the following inform,regex_ssn_phone_overlap
email_62.txt,SSN,5874,5883,0.2,s message with updates. Reach me at +46 435774814. This is a follow-up regarding your rec,regex_ssn_phone_overlap
email_62.txt,SSN,6791,6800,0.2,your recent submission. Reach me at +46 435774814. Please confirm the details below when ,regex_ssn_phone_overlap
email_62.txt,SSN,9873,9882,0.2,entry for your account. Reach me at +46 435774814. This is a follow-up regarding your rec,regex_ssn_phone_overlap
email_62.txt,PERSON,9,33,0.55,"Subject: Your Details  Hello Liam,  This is a follow-up regarding your re",fallback_multi
email_62.txt,PERSON,11227,11237,0.55,"lowing entry for your account.  Thanks, Liam Perez ",fallback_multi
email_64.txt,SSN,1692,1701,0.2,s message with updates. Reach me at +36 319526365.  We need to verify the following infor,regex_ssn_phone_overlap
email_64.txt,SSN,2809,2818,0.2,information to proceed. Reach me at +36 319526365. This is a follow-up regarding your rec,regex_ssn_phone_overlap
email_64.txt,SSN,3214,3223,0.2,information to proceed. Reach me at +36 319526365. We need to verify the following inform,regex_ssn_phone_overlap
email_64.txt,SSN,4703,4712,0.2,entry for your account. Reach me at +36 319526365. This is a follow-up regarding your rec,regex_ssn_phone_overlap
email_64.txt,SSN,4839,4848,0.2,"entry for your account. Reach me at +36 319526365. If any of the data is incorrect, reply",regex_ssn_phone_overlap
email_64.txt,SSN,5213,5222,0.2,entry for your account. Reach me at +36 319526365. Our records show the following entry f,regex_ssn_phone_overlap
email_64.txt,SSN,6575,6584,0.2,information to proceed. Reach me at +36 319526365. Please confirm the details below when ,regex_ssn_phone_overlap
email_64.txt,SSN,8483,8492,0.2,s message with updates. Reach me at +36 319526365. This is a follow-up regarding your rec,regex_ssn_phone_overlap
email_64.txt,SSN,10801,10810,0.2,s message with updates. Reach me at +36 319526365. We need to verify the following inform,regex_ssn_phone_overlap
email_64.txt,SSN,10941,10950,0.2,when you have a moment. Reach me at +36 319526365. This is a follow-up regarding your rec,regex_ssn_phone_overlap
email_64.txt,SSN,12123,12132,0.2,information to proceed. Reach me at +36 319526365. Please confirm the details below when ,regex_ssn_phone_overlap
email_64.txt,PERSON,9,29,0.55,"Subject: Invoice  Hello Lucas,  If any of the data is incorrect, repl",fallback_multi
email_64.txt,PERSON,13475,13486,0.55,"n to proceed. DOB: 01/11/1988.  Thanks, Lucas Davis ",fallback_multi
email_65.txt,PERSON,9,23,0.55,"Subject: Invoice  Hello Mia,  Our records show the following en",fallback_multi
email_66.txt,SSN,1942,1951,0.2,"when you have a moment. Reach me at +79 315713876.  If any of the data is incorrect, repl",regex_ssn_phone_overlap
email_66.txt,SSN,2287,2296,0.2,s message with updates. Reach me at +79 315713876. This is a follow-up regarding your rec,regex_ssn_phone_overlap
email_66.txt,SSN,2578,2587,0.2,your recent submission. Reach me at +79 315713876. Our records show the following entry f,regex_ssn_phone_overlap
email_66.txt,SSN,3224,3233,0.2,when you have a moment. Reach me at +79 315713876.  Please confirm the details below when,regex_ssn_phone_overlap
email_66.txt,SSN,3363,3372,0.2,your recent submission. Reach me at +79 315713876. We need to verify the following inform,regex_ssn_phone_overlap
email_66.txt,PERSON,9,32,0.55,"Subject: Invoice  Hello Isabella,  Please confirm the details below when",fallback_multi
email_66.txt,PERSON,11294,11309,0.55," to this message with updates.  Thanks, Isabella Taylor ",fallback_multi
email_67.txt,PERSON,63,88,0.55,"ny.co Mon May  4 21:48:34 2026 Subject: Your Details  Hello Aisha,  Our records show the following entry ",fallback_multi
email_67.txt,PERSON,15335,15347,0.55," to this message with updates.  Thanks, Aisha Wilson ",fallback_multi
email_68.txt,PERSON,12053,12063,0.55," to this message with updates.  Thanks, Noah Perez ",fallback_multi
email_69.txt,PERSON,9,30,0.55,"Subject: Important  Hello Hiro,  We need to verify the following infor",fallback_multi
email_69.txt,PERSON,13631,13642,0.55," below when you have a moment.  Thanks, Hiro Wilson ",fallback_multi
email_7.txt,PERSON,9,33,0.55,"Subject: Verification  Hello John,  This is a follow-up regarding your re",fallback_multi
email_70.txt,PERSON,9,33,0.55,"Subject: Your Details  Hello Noah,  This is a follow-up regarding your re",fallback_multi
email_71.txt,PERSON,9,30,0.55,"Subject: Meeting  Hello Olivia,  We need to verify the following infor",fallback_multi
email_71.txt,PERSON,13596,13609,0.55," below when you have a moment.  Thanks, Olivia Martin ",fallback_multi
email_72.txt,PERSON,9,32,0.55,"Subject: Important  Hello Carlos,  This is a follow-up regarding your re",fallback_multi
email_73.txt,SSN,6162,6171,0.2,s message with updates. Reach me at +81 196780478. This is a follow-up regarding your rec,regex_ssn_phone_overlap
email_73.txt,SSN,6682,6691,0.2,"s message with updates. Reach me at +81 196780478. If any of the data is incorrect, reply",regex_ssn_phone_overlap
email_73.txt,SSN,10551,10560,0.2,"entry for your account. Reach me at +81 196780478.  Thanks, Mateo Martinez ",regex_ssn_phone_overlap
email_73.txt,PERSON,9,29,0.55,"Subject: Invoice  Hello Mateo,  If any of the data is incorrect, repl",fallback_multi
email_74.txt,PERSON,9,30,0.55,"Subject: Meeting  Hello Olivia,  This is a follow-up regarding your re",fallback_multi
email_74.txt,PERSON,12514,12526,0.55,"lowing entry for your account.  Thanks, Olivia Patel ",fallback_multi
email_75.txt,PERSON,9,33,0.55,"Subject: Verification  Hello Liam,  If any of the data is incorrect, repl",fallback_multi
email_76.txt,SSN,1020,1029,0.2,your recent submission. Reach me at +62 726456893. This is a follow-up regarding your rec,regex_ssn_phone_overlap
email_76.txt,SSN,1156,1165,0.2,entry for your account. Reach me at +62 726456893. Please confirm the details below when ,regex_ssn_phone_overlap
email_76.txt,SSN,2961,2970,0.2,s message with updates. Reach me at +62 726456893. Please confirm the details below when ,regex_ssn_phone_overlap
email_76.txt,SSN,4789,4798,0.2,information to proceed. Reach me at +62 726456893. Please confirm the details below when ,regex_ssn_phone_overlap
email_76.txt,SSN,5411,5420,0.2,entry for your account. Reach me at +62 726456893. Please confirm the details below when ,regex_ssn_phone_overlap
email_76.txt,SSN,5550,5559,0.2,entry for your account. Reach me at +62 726456893. This is a follow-up regarding your rec,regex_ssn_phone_overlap
email_76.txt,SSN,6928,6937,0.2,s message with updates. Reach me at +62 726456893. This is a follow-up regarding your rec,regex_ssn_phone_overlap
email_76.txt,SSN,7763,7772,0.2,"information to proceed. Reach me at +62 726456893. If any of the data is incorrect, reply",regex_ssn_phone_overlap
email_76.txt,SSN,8771,8780,0.2,s message with updates. Reach me at +62 726456893. This is a follow-up regarding your rec,regex_ssn_phone_overlap
email_76.txt,SSN,9465,9474,0.2,when you have a moment. Reach me at +62 726456893. We need to verify the following inform,regex_ssn_phone_overlap
email_76.txt,SSN,10089,10098,0.2,your recent submission. Reach me at +62 726456893. Our records show the following entry f,regex_ssn_phone_overlap
email_76.txt,SSN,10171,10180,0.2,"entry for your account. Reach me at +62 726456893. If any of the data is incorrect, reply",regex_ssn_phone_overlap
email_76.txt,SSN,11505,11514,0.2,s message with updates. Reach me at +62 726456893. Our records show the following entry f,regex_ssn_phone_overlap
email_76.txt,SSN,11857,11866,0.2,when you have a moment. Reach me at +62 726456893. Our records show the following entry f,regex_ssn_phone_overlap
email_76.txt,SSN,12123,12132,0.2,your recent submission. Reach me at +62 726456893. This is a follow-up regarding your rec,regex_ssn_phone_overlap
email_76.txt,SSN,12855,12864,0.2,s message with updates. Reach me at +62 726456893. We need to verify the following inform,regex_ssn_phone_overlap
email_76.txt,SSN,13063,13072,0.2,"s message with updates. Reach me at +62 726456893. If any of the data is incorrect, reply",regex_ssn_phone_overlap
email_76.txt,SSN,13570,13579,0.2,your recent submission. Reach me at +62 726456893. Please confirm the details below when ,regex_ssn_phone_overlap
email_76.txt,PERSON,9,30,0.55,"Subject: Meeting  Hello Olivia,  We need to verify the following infor",fallback_multi
email_76.txt,PERSON,13716,13728,0.55," to this message with updates.  Thanks, Olivia Patel ",fallback_multi
email_77.txt,PERSON,61,83,0.55,"l.com Mon May  4 21:48:34 2026 Subject: Important  Hello Lucas,  Please confirm the details below when",fallback_multi
email_77.txt,PERSON,14595,14607,0.55,"es. Reach me at +17 561086733.  Thanks, Lucas Martin ",fallback_multi
email_78.txt,PERSON,9,35,0.55,"Subject: Your Details  Hello Fatima,  This is a follow-up regarding your re",fallback_multi
email_78.txt,PERSON,12403,12418,0.55,"lowing information to proceed.  Thanks, Fatima Martinez ",fallback_multi
email_79.txt,PERSON,9,31,0.55,"Subject: Important  Hello Mateo,  Please confirm the details below when",fallback_multi
email_79.txt,PERSON,14248,14259,0.55," to this message with updates.  Thanks, Mateo Patel ",fallback_multi
email_8.txt,PERSON,9,34,0.55,"Subject: Verification  Hello Mateo,  This is a follow-up regarding your re",fallback_multi
email_8.txt,PERSON,12911,12923,0.55,"lowing entry for your account.  Thanks, Mateo Nguyen ",fallback_multi
email_80.txt,PERSON,61,87,0.55,"l.com Mon May  4 21:48:34 2026 Subject: Verification  Hello Fatima,  We need to verify the following infor",fallback_multi
email_80.txt,PERSON,12548,12560,0.55,"lowing information to proceed.  Thanks, Fatima Perez ",fallback_multi
email_81.txt,PERSON,9,28,0.55,"Subject: Verification  Hello Mia,  If any of the data is incorrect, ",fallback_multi
email_82.txt,PERSON,9,34,0.55,"Subject: Verification  Hello Priya,  If any of the data is incorrect, repl",fallback_multi
email_82.txt,PERSON,15202,15216,0.55,"oment. DOB: February 28, 1985.  Thanks, Priya Anderson ",fallback_multi
email_83.txt,SSN,2990,2999,0.2,entry for your account. Reach me at +60 371398904. We need to verify the following inform,regex_ssn_phone_overlap
email_83.txt,SSN,3529,3538,0.2,entry for your account. Reach me at +60 371398904.  Our records show the following entry ,regex_ssn_phone_overlap
email_83.txt,SSN,3612,3621,0.2,entry for your account. Reach me at +60 371398904. We need to verify the following inform,regex_ssn_phone_overlap
email_83.txt,SSN,5180,5189,0.2,s message with updates. Reach me at +60 371398904. Our records show the following entry f,regex_ssn_phone_overlap
email_83.txt,SSN,6116,6125,0.2,when you have a moment. Reach me at +60 371398904. We need to verify the following inform,regex_ssn_phone_overlap
email_83.txt,SSN,8231,8240,0.2,entry for your account. Reach me at +60 371398904. Please confirm the details below when ,regex_ssn_phone_overlap
email_83.txt,SSN,8570,8579,0.2,when you have a moment. Reach me at +60 371398904. Please confirm the details below when ,regex_ssn_phone_overlap
email_83.txt,SSN,10927,10936,0.2,"your recent submission. Reach me at +60 371398904.  If any of the data is incorrect, repl",regex_ssn_phone_overlap
email_83.txt,SSN,11260,11269,0.2,s message with updates. Reach me at +60 371398904. Please confirm the details below when ,regex_ssn_phone_overlap
email_83.txt,PERSON,9,30,0.55,"Subject: Meeting  Hello Sophia,  Our records show the following entry ",fallback_multi
email_83.txt,PERSON,12479,12491,0.55,"act: sophia.moore@example.com.  Thanks, Sophia Moore ",fallback_multi
email_84.txt,PERSON,64,90,0.55,"ny.co Mon May  4 21:48:34 2026 Subject: Your Details  Hello Olivia,  We need to verify the following infor",fallback_multi
email_85.txt,PERSON,9,30,0.55,"Subject: Important  Hello Liam,  If any of the data is incorrect, repl",fallback_multi
email_86.txt,PERSON,61,77,0.55,"e.org Mon May  4 21:48:34 2026 Subject: Important  Hello Wei,  This is a follow-up regarding you",fallback_multi
email_87.txt,PERSON,9,34,0.55,"Subject: Your Details  Hello Aisha,  Our records show the following entry ",fallback_multi
email_87.txt,PERSON,12347,12359,0.55,"arding your recent submission.  Thanks, Aisha Taylor ",fallback_multi
email_88.txt,PERSON,13382,13392,0.55,"unt. SSN on file: 813-48-1779.  Thanks, Liam Moore ",fallback_multi
email_89.txt,PERSON,9,33,0.55,"Subject: Your Details  Hello Hiro,  This is a follow-up regarding your re",fallback_multi
email_89.txt,PERSON,13690,13701,0.55," below when you have a moment.  Thanks, Hiro Taylor ",fallback_multi
email_9.txt,PERSON,63,88,0.55,"e.org Mon May  4 21:48:34 2026 Subject: Your Details  Hello Lucas,  If any of the data is incorrect, repl",fallback_multi
email_9.txt,PERSON,13661,13672,0.55,"lowing entry for your account.  Thanks, Lucas Patel ",fallback_multi
email_90.txt,PERSON,9,23,0.55,"Subject: Meeting  Hello Wei,  Please confirm the details below ",fallback_multi
email_91.txt,PERSON,13737,13749,0.55,"s. Reach me at (406) 692-2980.  Thanks, Priya Wilson ",fallback_multi
email_92.txt,PERSON,61,84,0.55,"t.org Mon May  4 21:48:34 2026 Subject: Important  Hello Sophia,  Our records show the following entry ",fallback_multi
email_93.txt,SSN,156,165,0.2,your recent submission. Reach me at +16 194904218. Please confirm the details below when ,regex_ssn_phone_overlap
email_93.txt,SSN,1459,1468,0.2,information to proceed. Reach me at +16 194904218. Please confirm the details below when ,regex_ssn_phone_overlap
email_93.txt,SSN,1543,1552,0.2,when you have a moment. Reach me at +16 194904218. Our records show the following entry f,regex_ssn_phone_overlap
email_93.txt,SSN,1791,1800,0.2,"when you have a moment. Reach me at +16 194904218. If any of the data is incorrect, reply",regex_ssn_phone_overlap
email_93.txt,SSN,5172,5181,0.2,s message with updates. Reach me at +16 194904218. This is a follow-up regarding your rec,regex_ssn_phone_overlap
email_93.txt,SSN,6226,6235,0.2,when you have a moment. Reach me at +16 194904218.  Please confirm the details below when,regex_ssn_phone_overlap
email_93.txt,SSN,11902,11911,0.2,when you have a moment. Reach me at +16 194904218. Please confirm the details below when ,regex_ssn_phone_overlap
email_93.txt,SSN,12309,12318,0.2,information to proceed. Reach me at +16 194904218. This is a follow-up regarding your rec,regex_ssn_phone_overlap
email_93.txt,PERSON,60,79,0.55,"e.org Mon May  4 21:48:34 2026 Subject: Verification  Hello Mia,  This is a follow-up regarding you",fallback_multi
email_94.txt,PERSON,9,30,0.55,"Subject: Meeting  Hello Olivia,  We need to verify the following infor",fallback_multi
email_94.txt,PERSON,12914,12927,0.55,"lowing information to proceed.  Thanks, Olivia Martin ",fallback_multi
email_95.txt,PERSON,9,28,0.55,"Subject: Invoice  Hello Liam,  Please confirm the details below when",fallback_multi
email_95.txt,PERSON,12749,12760,0.55,"d: 9053 Elm Ave, New York, NY.  Thanks, Liam Taylor ",fallback_multi
email_96.txt,PERSON,9,23,0.55,"Subject: Meeting  Hello Mia,  Our records show the following en",fallback_multi
email_97.txt,PERSON,9,28,0.55,"Subject: Invoice  Hello Noah,  We need to verify the following infor",fallback_multi
email_97.txt,PERSON,13720,13729,0.55,"arding your recent submission.  Thanks, Noah Khan ",fallback_multi
email_98.txt,PERSON,9,34,0.55,"Subject: Your Details  Hello Mateo,  Our records show the following entry ",fallback_multi
email_99.txt,PERSON,9,33,0.55,"Subject: Your Details  Hello Liam,  If any of the data is incorrect, repl",fallback_multi
email_99.txt,PERSON,13176,13187,0.55,"dates. SSN on file: 874514274.  Thanks, Liam Martin ",fallback_multi
